attendance,study_hours,past_cgpa,quiz_performance,class_participation,final_gpa
68.72700594,5.332392719,2.523411367,83.63514971,6.147962905,1.017154280524595
97.53571532,11.75421705,2.493957598,89.83406986,,3.80123046392009
86.59969709,17.71302505,3.812509161,62.52339494,7.841448368,3.5937277125228406
79.93292421,15.18004796,2.4990924,81.24370498,2.385099142,3.613433519383444
57.80093202,,,78.58729916,2.343245228,3.316732140426743
,13.8581006,3.518796525,91.64151884,3.41356931,3.73735753510277
52.90418061,14.46097816,2.899479685,95.30435302,4.249672537,3.658641723438918
93.30880729,17.28552173,3.553421114,50.60783857,4.676100233,2.672331774509714
80.05575059,6.494024159,2.130732315,83.70099595,7.117274952,3.436296238589716
85.40362889,10.80964935,2.975142387,52.59178996,1.510123889,3.1104174014302
51.02922471,5.981769953,2.0672272,77.44293325,,3.8866536385555266
98.49549261,19.77802414,2.125306407,64.38163645,4.527195066,1.6571927722072244
91.62213204,18.99306811,3.812874907,65.33882998,7.274473229,1.2110053009874466
60.61695553,,2.278490742,67.64792517,2.740918087,3.331922663959256
59.09124836,14.70035311,3.064841365,81.06462245,,3.3840411033655746
59.17022549,18.65446971,2.822191205,66.70249828,3.338453241,3.8754171075159167
65.21211215,5.250356212,,86.63495253,8.974774979,3.2547913363219623
76.23782158,12.22301415,3.799666691,,9.061209498,3.669450216174848
71.59725093,18.47878936,2.043646794,53.41766002,3.675584839,1.9309158413580252
64.56145701,2.611027615,3.327579372,89.18799212,3.069943786,3.116215416822526
80.59264474,14.55356481,,64.28791623,4.701735749,3.8995390315422602
56.97469303,7.352282133,3.120336367,71.63834398,3.164784267,3.6373056427452184
,,3.873644924,84.27219416,,3.414084242454249
68.31809216,19.47904841,2.104515759,,8.434582161,1.9228582128477103
72.80349921,18.9967968,2.837586638,52.82928281,7.057829178,2.7156080135068668
89.25879807,10.5358559,2.520315582,,8.419154025,3.2445010001378156
59.98368911,17.51676772,3.46164193,97.22242913,4.57292946,3.4581144988244943
75.71172192,17.20188917,3.962594181,82.08671986,2.406852736,2.7003080529389925
79.62072844,7.743808518,2.513060125,83.57395743,7.641558527,4.0
52.32252064,16.92047853,3.308349203,81.61410768,4.244270546,1.96912416212083
80.3772426,2.666137425,2.396195266,59.94960695,7.041437427,3.354790742911015
,12.73285781,3.130660509,70.91669321,3.435795478,4.0
53.25257965,6.140159071,2.927864973,87.54698992,,2.8276790801701903
,4.170203944,3.944010659,,9.933236159,2.04492471227673
98.28160165,,3.217054545,,2.405813571,1.251943000261643
90.41986741,14.53319797,2.699012744,63.81595542,9.895788946,1.5182750682102
65.23068846,8.117749348,2.22819157,71.60094638,9.795519393,3.1271916176663264
54.8836057,15.04580189,2.302493657,99.01843705,8.144362935,3.6702889903733973
84.21165133,3.176414134,2.45063386,53.37512733,6.934806659,2.354081474563837
72.00762469,7.675226081,,75.93504972,6.200263452,3.675581895847519
,11.71084326,3.701232116,58.9682341,8.794913908,3.2248401804680653
74.75884551,16.23301697,3.122445577,98.53382727,3.604955695,3.334274036681152
51.71942606,7.737545053,3.046781823,55.66517524,,3.1871567783869628
95.4660201,13.26604478,2.229537744,70.18005012,6.574509724,3.880084470816287
62.93899908,,3.720279387,,4.700714283,3.256342470404282
83.12611422,13.08553739,3.445628606,85.2277214,,3.2771394477479876
65.5855538,6.193270546,2.135336724,71.13643184,3.972562008,2.8238870020122384
76.00340106,2.439214068,3.415670194,67.3262084,6.07808635,3.146730970877934
77.33551397,17.66177973,3.087076435,69.88061893,8.655170752,3.5391301430285815
,2.382849395,,63.21381316,2.813755402,3.81025257237217
98.47923139,17.74463011,2.916601283,60.26664694,9.409897349,3.318844405149669
88.75664117,11.52086841,2.969392574,74.15198488,7.201788884,1.8129729915285049
96.97494708,18.90321857,2.33154908,63.4266878,8.409458914,3.236586544347873
94.74136752,16.37809824,3.891396294,64.37308324,6.005716234,3.856986017598932
79.89499894,19.96281399,3.699950743,82.83780317,8.015650313,3.3988252146114317
96.09371175,8.312812678,3.338044675,98.42686658,1.145803576,3.4774920592582372
54.4246251,15.8093892,2.924591122,80.18186003,8.365423823,1.121914573463163
59.79914312,9.234756445,2.823531083,53.84897335,1.361249732,1.9784083368044785
52.26136445,10.63776117,3.301946934,53.77918069,9.009220387,4.0
,13.29509834,3.090863739,97.57116104,9.927664725,3.127040968419248
,,2.124546212,64.86453952,3.64660716,3.5854585209795578
63.56745159,19.71350245,3.025005298,54.6033493,2.892867007,3.5944048927182854
91.43687546,15.82892145,3.612807234,79.95222936,7.888270275,3.8429687623345448
67.83766633,9.519802079,2.918479755,81.18243891,3.277237068,3.8398025904742044
,9.584426041,2.103913155,82.42524101,8.790061449,3.8155130089847566
77.13480416,15.27648143,3.572556399,63.37010139,1.925583329,3.2819917863468397
57.04621125,6.297988624,2.402727564,50.75553421,2.133596767,1.3582788434928048
90.10984904,3.988534036,2.51724167,98.25076847,9.812363996,3.8030312937351685
53.72753218,8.383198838,,62.54465228,7.064550084,3.4720694839995785
99.34434683,7.17030185,2.66043013,83.8013144,8.62198502,1.9933832270370635
88.61223846,7.333546168,3.513503011,85.33149349,3.918964396,2.1192866428735764
59.93578408,6.204939519,3.038771719,80.50037085,7.088353746,4.0
,2.757677413,2.409762548,65.64536971,6.348176446,2.691490575266804
90.77307142,2.321730825,3.755660156,63.55481269,6.428351081,1.1443963518712705
85.34286719,19.77900302,3.75916371,79.88341414,7.142792136,2.587285946900769
86.4503584,9.699916407,3.74115685,93.30478168,6.178232558,1.1948831375134379
88.56351733,8.917879649,2.477592423,97.33668645,4.861561324,3.3375650323809314
53.70223259,14.23365109,2.902478688,55.29529022,,3.8492521654310554
67.92328643,5.928569982,3.969979312,,,1.8789975094337112
55.79345298,19.09930131,3.544024953,97.23681294,3.03645187,3.6303882401217162
93.15517129,,2.054334842,86.82676142,7.231188755,3.895161713656374
81.16490634,3.609398042,2.130409183,94.14969124,3.099995404,1.5698649196263181
,9.516453964,2.927862754,60.13163171,6.62797153,2.7615926073432204
53.17791751,17.82412954,3.818440412,79.37929356,,3.58686717257486
65.54911609,19.0051764,3.077403596,85.05697972,2.968425,3.3107189139077824
66.2591661,10.4132272,2.995625016,84.00559427,1.539489708,1.6465054861633583
86.48030892,13.04140501,2.2109474,70.40758454,2.178763687,3.7123171819197367
81.87787357,,3.313560209,50.76974458,6.453972705,3.6663588564955374
94.36063713,19.84103527,3.644206321,79.14630284,8.645017656,1.9601495633791428
73.61074626,6.170090625,2.760840015,62.65507696,1.404971391,1.9106892556002626
55.9797123,18.96917193,3.551223702,72.51271231,7.607361331,4.0
85.66223936,13.69363968,3.928953308,97.87905075,4.071867814,3.7066327788719264
88.03925243,12.93926231,2.407532918,69.95176588,5.306755329,3.5970531613091876
78.06385988,,3.046659262,91.99008033,9.359735949,1.4506586577654055
88.548359,6.152056611,,59.42703029,3.987743543,3.3087631535339153
74.68977982,5.177504576,3.585708838,83.6230249,5.188032405,1.2784979136915264
76.13664147,5.968751763,,98.85034772,1.123141733,3.2464844155935895
71.37705092,5.355888719,3.269164835,55.09465504,1.73438848,1.8745846353953635
51.27095634,16.03252052,3.595828319,50.41599711,3.32732432,3.117366781641081
55.39457135,8.302254665,2.791940945,71.67913963,1.250670167,3.3955174631647704
51.57145928,3.041168178,3.830180137,54.63127415,6.682377934,3.3480829466704156
81.82052056,19.44384734,3.066057734,,4.837585211,1.1102093092042442
65.71779905,17.90814593,2.315909646,95.72743319,5.933306825,3.1834155278345673
,18.6995411,3.391798236,71.70104864,,4.0
95.3783237,19.90834081,3.586522701,62.93558211,3.663388265,3.30089369075412
62.46461146,5.130114486,2.633523354,71.72016595,6.974420274,3.447953385032285
70.51914615,9.13235634,3.714358514,86.17239089,9.687724513,3.396415405152125
87.77755693,15.64829256,3.81228651,,1.453750962,3.6896049373660125
61.43990827,14.52837112,2.553808975,79.47269947,9.013458888,3.544353574111418
53.84899549,4.770126314,3.967042945,80.66458424,6.191930812,3.476767352370416
64.48757265,16.68499625,2.281423056,81.88441234,,3.2023758248470173
58.06106436,6.039930293,2.404031337,62.101104,5.502506817,3.1125949567713183
96.48488262,6.028717067,2.368449678,85.70263617,1.624546773,3.3598814997391755
90.40601898,11.66553961,3.78797942,54.56957432,1.808891666,1.4518068140170899
,12.67291883,3.308585105,59.96351682,6.408208051,3.806974429942209
93.57302951,12.44155174,2.304208566,93.87350233,4.068627143,3.787685829335606
90.18360384,3.646763073,2.880646837,86.93615754,9.255412599,3.2430665203732065
59.32850294,17.79429553,3.23059605,50.6872777,,3.1846602329712206
94.62794992,6.780800767,2.16692817,,2.289533128,3.8565842549670295
76.9671121,4.331268583,3.764832737,60.72032415,7.432469502,3.6036020715863293
90.37200776,17.99746544,,63.5403164,3.640180793,3.208564081502999
94.804565,19.20172697,3.010413547,62.37798851,5.729232766,3.8128538153752602
65.90017375,17.51829711,3.934253231,53.12631479,7.28049507,2.799732918076379
,16.57128935,,72.94702583,,2.288773984858137
61.39675813,13.79435565,3.968220638,86.63667374,8.129720753,3.4156300328654705
71.35538943,11.91543267,3.335839998,80.33658624,7.087249611,3.744311573511555
90.9007383,3.565761678,3.269342547,83.64358343,7.116698642,1.7245970382507674
93.03652916,,2.331909791,54.05745893,9.513321796,3.29349096903074
50.34760653,8.708393306,3.763855517,97.57453551,3.662416877,3.2510988766856816
75.53736513,6.675568108,2.854979376,,,3.5798284325221035
70.87055016,15.02156205,2.324466812,90.25451592,3.447591035,3.871241517028892
61.10539052,10.92576323,2.02521504,91.14919025,2.961022417,3.2342520546608284
55.99326837,3.458831886,3.119511367,,6.956511266,2.4898659844925755
66.88075857,5.963297635,3.054799244,77.21269831,6.703404398,3.523327297858211
97.1454852,14.29865775,,60.01410089,6.341152444,3.7130076419238467
,3.370355471,3.780516106,80.83918039,1.146190989,3.508067360617348
75.93953109,17.32172445,,87.14407468,7.55900249,3.360515642989989
85.15094794,10.91263749,3.462992981,86.89586967,3.911773712,3.617743354363409
68.18148012,10.65055839,2.374823888,76.07245121,6.985503901,3.868469192713828
98.58910414,12.66334012,,53.42293597,6.009205857,1.2742465426388714
98.12236475,16.84425739,3.638127028,68.55564692,4.084578329,3.8958819645752887
,8.260565742,3.08158751,96.03833042,2.211186404,3.703190912668183
74.86242529,14.20429075,3.420485597,79.22244549,1.849770079,3.7743829762434142
65.04391549,12.18317535,2.628700226,76.91659716,8.483664998,3.8579946707141577
64.24202472,,2.942335798,63.44267572,9.265577879,3.2638189738655234
51.84434737,17.81533975,3.643273795,68.422446,6.848092421,1.2562105959492391
80.4782167,16.35366839,2.918530394,94.76730446,1.930907034,3.156377525774607
75.13395116,13.85213302,2.715596531,83.32315238,4.618244952,3.4789274646433896
52.57393756,17.31047112,2.988424895,89.36935134,7.560452801,3.8001945248512614
63.93232321,17.61129562,3.656498505,72.71727115,8.018387956,3.2693262113151604
95.4132943,14.75053358,,81.51236097,2.063967601,3.4191788013014266
61.97809453,17.06623991,2.347523186,62.41918044,1.00027647,4.0
57.2447436,14.55448631,3.424028041,85.27304151,,3.4318467600492597
74.47263801,14.24253389,3.651956425,71.38006669,4.209365584,3.4343482492889965
99.28252271,13.13500481,2.201274957,72.12727574,3.290331985,3.2701602178907514
62.10276358,15.54889951,2.479748226,82.46611623,,3.4797024945163817
,4.854891895,2.28394398,96.81403107,5.862694661,4.0
88.08098077,17.85567367,2.695882823,53.20031733,8.660356619,1.723529032645683
61.8818772,17.6931835,2.900701958,91.23716187,9.618684816,3.1676895873722577
86.41081743,,3.497652674,64.61915552,6.091704556,3.4601432548938402
68.38915664,16.86470151,3.30229517,72.19597273,5.63015195,3.6822785620252394
81.61529153,4.319657615,3.241857135,,1.765507469,2.6713375143025284
81.67648554,8.032139377,2.704749893,65.05230389,5.939855214,3.8155706849680917
76.7887342,15.38314861,3.682895106,75.13156213,4.419811711,3.6688156408141896
54.5144885,4.893678129,2.942574335,52.80880387,6.464217528,1.0070905157896621
91.76512478,16.72340643,3.958209876,74.55478647,4.498537131,3.4782398764130935
66.03900325,16.9784152,3.268284277,96.35553144,3.162692111,1.199800113128782
59.32592552,11.13441921,2.252529483,55.26966091,1.854687477,3.4534544412328936
52.03875708,2.114945691,3.352355124,88.2220364,3.834266001,3.3021917583014204
79.54464716,,2.650208031,70.48355267,1.869803509,4.0
83.87821809,13.10468453,,82.75868573,2.592072557,3.4715297753399854
50.82939145,19.6613512,2.139282296,,9.886025427,1.9211810141568577
75.60465291,13.37264349,,57.97461313,4.996932012,2.266935449451826
,6.676464459,3.711474518,58.02313071,,3.433712110989131
82.25863952,13.41210266,2.454359114,53.52459728,8.862566759,3.4227019086149295
58.71832145,11.71973683,3.67408225,59.28233525,9.960120104,2.175221013437735
84.54688691,16.03721711,2.558552177,83.21096925,,3.2838271742886307
69.33676732,3.925651499,3.28576382,94.08453059,8.312264389,2.5952301778521507
96.83649944,15.69850225,3.388301147,90.70628428,3.942469219,3.5732138327877885
56.87604721,,3.025309506,84.25671549,3.751695617,3.737117503147681
67.05331755,19.33385607,2.610621353,55.52159317,4.624333489,3.772315452165265
55.67367606,8.153698989,2.425288753,64.45937231,7.052565364,3.8900052291526466
,13.38719408,,65.49034377,7.139725203,1.143277988613419
93.86696767,18.7765059,2.607892802,62.49784732,3.837154912,1.2161864291373456
62.89708139,,3.306325581,,2.198889317,1.3717208862448005
82.9992023,18.87011277,3.876609637,76.77769074,,3.714580949680334
90.86111001,14.381943,3.742408965,67.84429876,2.15493276,3.6313066030488677
77.76004058,3.221067064,3.532129553,67.68945794,,3.548482983069616
76.48252892,7.417344205,,91.4277799,7.240799153,2.212680764972331
,14.7470976,3.329969807,89.46464242,7.305503468,3.229636183856727
54.65513839,3.212310826,2.520573715,65.38979158,7.781248996,1.5400334034901069
94.8607879,12.47906828,3.814390061,95.68942219,8.855734794,2.1458177282221573
95.02090286,8.225895025,3.341464624,97.64075085,5.499630928,3.5800786083545684
81.65507286,13.17647932,3.120881262,66.3371271,7.572242706,1.3077019897328945
66.95148955,2.823356609,2.221978938,67.72124744,6.572554618,3.2800421874821826
67.46047873,17.68766251,2.894111088,75.28170767,2.679759458,2.865358495964924
86.29778394,19.52280145,2.920716542,97.05604063,1.231206804,3.8807780069410427
94.855513,19.4398014,3.729127219,93.81597166,3.560872471,3.8027562894339675
94.35432121,15.49373297,3.09329644,55.12839813,4.987303357,3.6824317989267983
88.99377729,4.341552322,2.760801098,69.63653716,6.5539535,3.885116184067889
82.10158231,,3.953600657,77.66855949,,1.2665522558307472
54.20699825,2.442564496,2.221441187,,2.76621145,3.40944198904192
58.0814357,2.398223928,2.845096857,59.6931534,2.129948109,3.4684636161727536
94.92770943,7.824983945,2.08404935,92.94083856,9.671319527,3.8222126817119637
80.32145298,10.79557743,3.479808242,83.84703915,1.972401034,3.5076550704246414
50.45985258,15.86733352,3.836153104,91.89541874,5.306419631,1.2166297383771612
55.07357714,14.29931678,,92.93821397,6.270073559,3.2960862220010263
,10.02624871,3.716683354,87.41779268,5.872369788,1.7779622301011848
50.25307919,,2.584436461,71.96053006,1.774289413,3.1131081816143373
58.04040257,19.948241,3.821540323,80.52733775,1.513242226,3.2107220711628544
77.43668947,9.67126344,3.507923807,58.01827031,1.949350847,2.679566289194206
84.59475988,10.12496644,3.609813554,83.68227087,6.270289155,3.202536904380475
82.59806298,,2.036013111,58.96266279,,3.627083106428915
61.21346547,16.30657188,3.925620714,84.69747953,3.103667128,3.3685951768288196
85.60896107,14.48628006,3.453341984,61.47990804,6.739967277,3.843843815553402
61.86245437,5.97385303,2.609502191,55.87756501,8.380607519,3.6813614740360183
66.26998491,3.482858821,3.65878933,58.26422451,1.374210639,3.7463541208201114
87.32457026,14.24898744,2.563042397,50.09960676,5.483169492,2.547404020552137
82.48164495,13.78120186,3.745507679,85.93698089,7.203793709,3.484487247247167
92.46117052,6.918671486,2.225160781,86.62005245,,3.8209249071364084
82.88064462,19.11554412,3.407371955,75.7466675,3.769938148,3.4434510324129413
78.41543017,4.719042052,,58.06814005,6.522741127,3.4264565446945254
54.68373839,9.782026419,2.19306894,54.17771688,9.081417641,1.2028372143391606
,18.98508656,2.483787657,,,3.3854256932096334
63.26011838,9.555091705,2.024808073,58.28740885,6.248171972,3.6573058622539407
62.19948217,13.49346706,2.937535931,94.54277675,7.57199546,3.2666730963811696
98.65052774,9.156699163,2.602530522,62.07684209,4.283402232,1.5213909638624405
69.65488623,6.935873642,3.196714969,67.71356636,6.768689753,1.4442829597067
94.60232776,19.71159766,2.594475615,55.26727422,5.19563432,3.864087016152996
,9.368012114,2.599838223,61.11806524,2.709425228,4.0
89.74056518,18.09378567,3.486386397,75.96122854,7.315644465,3.8601637889313616
75.13185466,6.139182906,,80.38763415,6.008181736,3.7430414934994256
78.84519423,5.835884672,,62.26761571,4.227594238,3.4049797285656913
74.62588469,2.560413492,3.704527749,52.88660796,9.202052711,2.197602648295443
59.76214939,13.73000286,3.335609366,69.55164346,1.18840706,3.1034888146274486
86.12260576,8.633474187,3.18644314,,3.841958361,3.581792215471175
64.03861812,17.5584485,3.784604996,60.97769616,1.51193258,4.0
51.21579832,10.51777832,2.370660359,97.99314014,7.898745846,3.2539632371661122
82.2736148,,2.157938324,80.8150243,7.318967087,3.8486344759680504
,5.339459283,2.47902034,77.84392216,3.982169969,4.0
97.02292922,17.63521702,3.589156557,70.78875518,7.08096612,3.3720660307135395
97.69642885,15.97874335,2.069340533,71.44721667,4.563435036,3.7838966935724043
,15.8765932,3.16561367,77.04525019,7.806284123,3.398073804688813
68.50793501,17.20609811,3.990875032,84.82149035,5.087652965,3.833885462035289
50.77283083,15.69843184,3.711392188,,4.71051755,3.6895042173097226
96.41592813,13.27196579,3.042891378,,9.412569239,3.8353694200357724
71.40920742,,2.127281819,75.0056376,3.257911899,3.8893279115074613
98.33274095,2.585471231,3.662747029,70.59790475,,3.136160532721309
98.18099885,,3.197957016,93.52634831,6.260888019,3.716522830771935
92.65047277,13.09970566,2.229865994,81.57094606,9.723896311,2.72808616100211
64.7224446,16.33767124,,,4.400552924,3.4660248162598983
69.25488643,10.66740233,3.819253639,55.76973211,1.558330873,1.9043978378219995
92.55683358,4.111547401,3.338400526,80.28189447,4.053747406,3.5446126086468444
65.84610026,4.25334426,,55.86019528,5.553384889,1.7878578117601416
58.47463733,14.34017517,3.757957801,,2.45730706,3.586094458048227
77.84006312,9.745506108,3.143544704,,6.922919963,3.5856711679215487
96.80773871,5.609445081,3.034892704,84.60368235,9.979744501,3.496080401724864
84.80148983,10.84870184,,60.31260569,5.065655284,3.3155873583347923
78.5030585,3.155760867,2.633893176,69.59296866,4.192557011,1.7367492589880755
,12.47548523,2.869191922,94.78373888,,3.4266445377593557
,6.84188128,,60.21581917,,3.3696998328699874
99.50269251,16.35606381,3.203846862,75.3902532,8.949462413,3.405490065460993
57.00420076,7.586515261,3.78504658,70.96358306,4.7334309,3.4272492302093918
75.91648262,10.19396268,2.886760029,50.90620205,4.485469703,4.0
93.8686536,2.209169718,3.214179157,89.63790568,6.937212456,2.0105563430637527
87.03843089,3.30404398,3.262615106,53.45229532,4.978300788,4.0
84.85078705,9.064884015,3.183394325,73.71275105,6.834101219,3.296666170120108
85.1242042,,3.405267546,78.03391475,1.553016611,3.652420979671041
67.97455756,12.80036987,2.474866937,81.42132283,8.323510094,2.0510898574796257
64.67959221,7.249926417,3.024727555,84.43158147,,3.8981507103223545
90.46805777,14.50967395,2.208449606,62.66361918,6.838888475,1.5788829863971365
,17.48220315,,50.49893883,9.59109336,3.5477778367243387
93.35361593,16.0373178,2.975334137,86.17218312,2.362890829,1.7156684709875056
95.66202763,2.713138856,3.304448519,76.78282997,5.296745705,3.3212587461975986
75.56711994,10.64912505,3.901062105,91.80588516,6.416260606,3.673101411245732
75.07581473,3.888743212,3.201302133,91.06941815,6.235629827,1.4219738736470444
89.91475895,6.356810286,3.487187832,92.16630839,,3.8312369843888754
82.49819654,19.75992668,3.012532119,74.254733,4.042759684,1.3053929700767426
85.09834386,4.564919772,3.268208063,66.68141979,2.141416203,2.4136448440818925
89.78963347,10.97998676,2.141864432,89.57791013,4.525682055,3.217236955239167
94.50026709,13.12680322,2.508783162,72.56470565,2.463947336,3.6520557630659596
66.89975784,14.64436947,2.723706186,59.17210982,7.609291088,3.2213577987921327
68.77914763,12.0736763,2.94498671,92.74870098,2.879478419,3.83027619142958
54.69909699,2.175875254,2.091297491,,1.527087748,3.574627875811934
78.91400705,7.876303548,2.280048195,73.31548781,5.97129524,3.3615331161341997
51.79711369,11.31880958,2.553628616,53.78498637,6.357067594,4.0
73.27990091,3.581596985,3.943065382,69.3913045,8.847217552,3.785931112900551
77.13223174,8.311284762,,90.17688297,6.192834512,4.0
64.32706261,2.597655958,2.964082116,95.08870143,4.109327684,2.1824745475149148
79.54166303,3.414412949,2.392195425,60.17363712,,4.0
51.5250125,9.144618972,,53.3486806,5.862510039,3.220771389480923
51.86740944,4.388883573,2.561366431,93.86752266,1.713522562,3.4082772550078886
91.13002803,12.21573527,2.413985157,69.47024695,6.092655043,3.3645509006081156
68.00953207,,,77.08804821,9.172166909,3.639503660180635
56.35302563,16.41056058,2.011011598,98.4032906,,3.1219883970703095
76.112163,,2.015328065,53.3282364,3.666932217,3.612424938623257
88.49967765,5.014686481,2.438137618,82.41590037,2.291225113,3.722973901586599
60.79105137,3.882221126,2.073442725,53.70527113,2.363009697,2.40281459351029
,13.45574449,2.216051508,68.77344642,4.894943359,3.8787224694228546
54.26737325,14.71656308,2.677721299,90.19072726,,3.330940063027284
,2.568550607,3.605171359,71.67361164,1.725538647,1.1296855264767953
76.56773158,18.85182043,3.144097287,99.8591177,9.456117301,1.4017056513638873
,2.935483106,3.025335452,77.95296425,7.796202557,2.8531343869399444
81.87149507,11.74333404,2.586977646,66.05810763,6.279615265,3.531426297121668
,14.76308935,3.863507439,61.0055663,,3.4405959159443213
98.79260397,17.67744423,2.794030082,67.52602671,1.721680811,3.8689420217435257
75.81501742,14.85356478,2.174185534,68.62666369,5.2915499,1.8729437249956296
66.14782365,16.4311055,3.234133032,,6.670838142,3.8262099168387143
89.75930974,8.110103466,2.227676787,68.47870997,8.457876155,2.471957312317225
63.54161256,16.66685205,2.690446286,73.21192599,8.05122604,3.7343109612592125
71.94857104,3.442067235,3.014823877,86.13688761,3.493623247,4.0
53.92281907,18.10669981,,82.83647424,9.467921526,3.2491717183064805
,11.85666277,2.987093161,85.43828276,2.119112573,3.626643035718706
98.13242073,16.71135986,3.404517532,,8.876202568,1.607123025315705
91.79900603,10.14172912,3.985633678,,,3.3449614752567745
84.7987103,,2.26297824,83.08421442,2.594381709,3.61148497463324
,11.4752479,2.549463051,74.19946841,7.498594578,3.2362391457482467
58.664716,15.16861139,2.789152151,50.26567378,1.362569669,3.2107898315491763
57.82185213,,2.843656357,90.22473212,4.648805426,4.0
62.51214491,3.086337512,2.822042151,88.64047866,5.646549693,3.256018376220559
77.46133324,6.447858212,3.815222005,77.42095815,6.225807033,3.1767163601684683
85.72979614,4.871804242,3.428065289,53.32316629,9.423435234,3.85337805879343
83.00986884,17.6921042,3.215810428,88.32575248,7.050256186,1.2025901577178837
63.99669485,,2.618745436,79.18567939,5.331501561,3.7980836857509535
97.74326403,19.5655746,3.647580768,89.09799886,8.287075326,3.2655633519965335
86.89484583,8.064124252,3.910121023,87.58734962,9.554795389,2.024332291123247
77.71770263,5.278122482,3.642396565,90.1501036,1.198595338,3.3208173754584926
,16.21457313,2.00313021,75.90040332,,3.800443397063756
70.98000312,13.85673996,3.27280274,57.01622591,1.775189252,3.565201369299658
62.38654948,10.9675229,2.102270763,83.55787367,8.329481013,3.744566848292991
67.79863393,11.99654392,2.515214441,81.02368925,3.523012773,1.4209556858491201
87.89230552,14.94563201,2.119049401,87.11265936,2.18961692,3.5665373622650334
50.71967443,6.112185344,3.207590906,58.4940503,4.958700757,3.145510284064194
55.80363203,19.93401049,3.373179827,59.74876,6.795609215,2.3615310203344126
52.3001321,19.54627692,2.228975276,94.52047586,4.428566605,2.24919787352582
52.03644012,13.70586235,2.767677766,87.49888992,1.491088675,2.271915598979842
92.7730292,5.591764117,2.912473018,95.41142444,6.395150257,3.1262276782051983
85.18289297,14.24410836,2.738106044,87.93576606,,3.81017958068458
73.70869145,,2.242050001,79.8577653,4.448938294,2.6805816506092244
54.89170803,2.55174504,2.83789558,82.70663685,2.946994999,1.6772370958809
,6.638291993,3.502356096,94.4563962,4.983196113,3.3809232190518443
73.67358854,10.32721322,2.142015329,78.94033773,1.435264399,1.694163273829727
58.6600935,17.6289051,2.160360028,81.61956622,8.38438826,3.5841532076093374
71.69258246,15.08904326,2.709542584,57.8238358,8.437067299,3.1752805268711044
69.92523672,15.36871738,3.883451423,73.69606101,6.292004171,3.1585738062354163
,,3.337145293,85.8198556,4.177926,3.8834859066742524
81.75468254,8.226829866,,63.54713492,8.19805028,3.4662418652367357
52.26520049,8.678697734,,,5.992183223,2.3420402773454807
,19.77769215,3.187321582,65.69134041,8.433390777,3.2662988100990034
81.29299579,2.721965445,2.020262368,62.0750314,6.683129133,1.403392383202878
75.15681293,17.60656693,3.272192093,60.74563185,8.059649259,3.8245485342531964
92.82449206,12.41615735,,71.24254214,,3.592236045234533
82.93468158,,3.225146937,95.39192569,4.727269614,3.7343676913279498
58.14672135,15.05463789,3.747397187,75.35298234,9.621512739,3.720991289404102
53.52843737,10.76004095,3.447946111,59.39601904,5.870024424,2.420205307303057
82.12096391,17.72161829,2.241116833,53.84858347,6.445805667,3.650801678383405
51.32556553,18.21263355,3.804906615,84.80780726,2.984388755,3.844319566859553
79.28877906,9.590976684,,69.13993822,6.630857105,3.2710008150299874
97.01151207,6.98290035,3.067934945,91.09154733,6.144468845,3.3828871984847146
78.77370889,12.66230591,2.284274248,,2.663545582,3.636390070454569
,,2.023413221,,1.536283876,3.6789154162840996
82.16441092,5.791919402,2.84406852,,6.439233877,3.1189169404150334
72.91264452,,2.590081415,84.61794612,7.873230424,3.635879505665535
77.28083947,13.36808396,2.972000988,63.20309923,5.710612338,3.5168225180500228
97.07324044,15.1960344,3.154399773,96.95342397,3.040953628,1.4445445942469899
69.30513189,4.368218332,2.087478145,81.81871408,6.99869779,1.9688592658255617
98.05952819,14.88484936,2.24600659,66.22559001,1.720951539,3.8865296582336586
95.2675321,,3.117284793,63.47559311,4.976503343,3.301661934851809
59.78955674,5.23429596,2.686334706,59.54632925,2.470300826,3.1707203053551707
53.46806504,6.275779849,,84.73204794,2.66013146,3.5623139179940995
55.03890007,19.48511169,3.304583297,,2.820645542,2.351535662925897
50.91109128,5.257585149,3.691208726,,4.480363513,1.1286583162372268
54.72214804,17.37893168,,63.23175135,1.460351851,2.1734201549940204
,10.86100142,,83.09844724,4.580140968,4.0
53.55943242,,,90.74698643,,3.668221130838712
65.94878151,,2.550762349,88.90126216,5.349648565,4.0
92.24376555,10.01549459,2.612626998,,4.445056904,3.7209471872459883
51.16359679,11.26671237,3.57797032,59.38612028,8.552319473,3.8144013750538637
90.72342413,8.466200649,2.892839033,54.41924735,2.307940232,3.2439648747099357
64.09273874,12.67311533,3.596760681,84.94744142,5.551270694,1.4315266592540619
55.90824138,4.943429707,3.644844747,68.41736069,1.558372753,2.074041333091077
84.83685827,9.03946766,3.715124675,71.61731132,1.64040111,3.6904333151159237
81.44714234,19.4494218,3.833270472,51.55745464,6.164792647,3.2712895514070053
93.87360068,6.646401789,2.861970441,62.97882246,6.094165824,2.676764009192804
,13.82125996,2.637733637,51.68382019,,1.9726578371559327
,7.853421156,3.164397493,93.95928863,6.020863081,1.1720109210850533
64.10172863,15.92251626,2.742344847,62.16983416,9.638119184,3.4298671232450557
58.87197719,4.355725893,3.202148334,77.86685848,1.438253636,2.0479531092774996
87.53073758,19.45677881,3.411171725,51.94896603,1.882069163,3.1937561329098
90.34173696,10.16821174,3.376810037,83.34236957,1.396592754,3.306243613452321
99.5252571,6.24890834,,66.15136729,2.667491653,2.223446732442319
70.63088385,3.322941452,2.333720403,94.89595935,,3.1680890485897995
68.60090429,5.055642292,2.861058677,94.40590945,6.810149633,4.0
88.82064804,11.35593107,2.285188288,,1.410266422,2.6586488235321117
67.04017701,8.066057176,3.78019407,95.04804478,9.513738009,2.738688689333957
96.53786628,,2.691754921,99.80788367,8.57948839,3.563343739245148
92.92063759,9.755975426,2.308919494,91.27078321,3.669512339,3.7026279830651143
71.44970137,6.476856907,2.05089552,,1.694687772,3.7011177001267432
87.54355339,13.10860976,3.291644773,,2.528983659,3.780201998520407
87.7271437,14.7219899,3.273804635,78.83511994,2.142499724,3.6523095813094577
,5.006754342,2.681208333,53.3627957,2.109554014,3.439656985103648
95.12764533,5.017145893,2.143423778,54.74589684,5.667055198,3.7428607724441534
75.26261862,2.660085685,2.81925779,99.9446306,3.212626982,3.393595358289716
,15.25523627,2.62243499,66.33196247,4.223257449,3.6601950274818997
66.00248005,13.9484815,3.354241279,87.4091956,9.905548,3.301349455940237
94.77616142,10.54335576,3.211558499,90.33325265,7.15882824,3.873181238017487
69.46008394,17.19506808,,92.90116355,9.540826003,3.188871629122631
50.54188257,16.50206275,,99.88141487,2.283008995,2.593928505406249
95.26909882,12.53637856,3.976071932,62.07482426,4.439255273,1.240038232133004
54.56433384,17.62888305,2.908003242,52.01754134,5.99258623,4.0
65.96568188,5.705141781,3.376548472,70.5595759,1.690822557,2.6221962791574214
97.50309835,4.014553149,2.281105935,56.50403349,1.037686993,3.8815058259925492
97.53035735,6.855493007,2.971179399,51.12129446,7.033909004,3.624485664600316
78.67189441,,2.05507344,,6.776375651,3.106507279404542
81.59186061,11.5610515,3.010910236,89.18691255,4.69709929,3.549402316234813
72.4222761,18.85890246,3.928034814,,5.406796684,2.037267357612711
64.66053858,2.708183732,2.768413426,65.63889946,4.738987005,3.560297692501241
,4.197978452,2.077992025,82.71710027,,1.515714310239808
83.6259228,10.13958251,2.061911582,61.60090902,4.018344456,2.042634471302932
87.61872647,18.80975032,2.77597352,50.7190723,2.593740299,2.225946197062017
89.57895219,,2.320049873,88.21766932,1.885817702,1.1997191743953766
89.48090714,11.13022656,2.046704193,81.18715424,9.610483905,3.6794926682361835
54.56030515,2.748311463,3.512427228,88.11513123,6.394237525,3.876872102982005
74.72101524,4.670177617,,51.94690083,,3.3121881564338858
52.877938,19.75934221,2.578489544,,3.838273689,3.2100002850409077
77.47644412,19.37213654,3.800166366,80.97631,4.538324165,3.838396689557623
,2.088919657,2.23227792,78.16976754,3.132315945,3.8217187781618946
94.38520914,,3.911837658,81.23070241,1.872691039,1.5904518318103018
67.54575063,13.50415888,2.627933435,93.22166234,2.611284737,3.2961676386117476
55.85335082,17.6225293,3.776807345,,8.177626408,3.126345428535806
57.1495841,10.1853174,3.205885753,79.04751899,7.097912247,3.7100022910247628
88.07553159,11.28072851,3.653414719,,5.922359884,3.462004752242452
80.91090317,10.79923844,3.968026326,87.83650835,5.275808856,3.782708626384263
55.05613381,14.00355664,2.576810876,72.11469027,9.301908553,3.6466415657081597
54.20534031,4.513722586,,85.36985,1.65461453,1.3993578198165464
85.04845657,,,69.46152358,3.525407319,3.4994929267573007
53.63815032,7.542738949,2.771023809,61.44377312,,3.806877586785442
91.09300296,14.68425373,2.680774209,79.84259384,8.04183231,3.485827158877575
85.31211136,5.633362138,3.082815215,96.40910491,9.932631581,1.5230201603076814
,14.1217838,2.308290086,96.456976,3.166034633,3.7197130092601034
54.2418857,19.45841683,3.107422971,67.09526391,8.868766007,3.3773675712377926
99.33197893,3.690212884,3.083409625,76.38387331,8.475604844,3.4310382722554387
68.71353979,14.10683813,3.523803625,,3.021916579,3.2537446410052855
68.53210735,,3.667299924,99.78155547,4.593993222,1.1761686042712218
90.63997836,17.62656058,2.880882701,99.05589539,4.687055824,3.755942321654431
97.36242887,5.18869621,2.604666499,82.47544649,9.803986017,2.8132604222913704
99.30005319,14.46726714,2.518669795,90.22070298,2.628027112,2.7615999758034837
,17.08607521,2.389247673,85.75500806,8.19242174,2.5191903033466305
68.81297928,19.00305595,2.115295164,79.65791095,4.007734428,3.3914984520786784
54.17503583,14.29846451,2.684895958,,7.577833112,4.0
88.8573458,10.94914575,,72.73821713,,3.7355496663852508
77.92021249,13.12125032,3.932834772,83.73931511,,3.131431664807937
71.21110046,17.64028972,3.115417653,,8.49350596,3.6676967475482227
95.31771925,12.27097544,2.694554078,68.65613092,8.237490085,3.1966611294940614
55.55987412,2.546967075,3.160935202,97.08459933,8.797808652,3.3724715508660728
,18.75707652,2.278393403,58.36785161,1.536555928,3.7310967811728104
50.56768224,14.41148152,,75.01797231,7.228454977,3.878805147131438
73.4330321,14.17724094,3.252468643,84.54419883,2.25988639,3.6752634316429873
52.81516378,5.882152743,,84.85679029,4.742367112,3.515229056173114
55.94089581,13.85993846,2.803557601,82.43194784,5.937295735,1.7022089323995704
55.87631234,9.089559302,3.987696778,63.76441067,4.624655363,3.128575998117791
82.46051511,13.72219359,3.760629524,57.81032843,5.676505082,3.218434319646733
87.30224396,,,81.79701634,9.968736779,3.6601176573716376
79.16843825,13.84121548,3.138754722,79.96510581,2.216955823,3.3706301589880834
98.10862742,19.98944706,3.24132096,58.96780051,7.079104408,3.6760389641122995
68.74352898,2.867816699,2.402624216,85.25695728,4.564008697,3.1619936737688072
64.28560431,19.58913532,2.790275487,72.75859959,2.19708819,3.866914149661077
93.42995641,9.324343293,2.078919066,83.38802958,2.42863087,3.873550180746015
61.17979193,17.67356211,2.951092075,91.86835399,9.543457956,2.622277918773336
98.16112697,,3.086049168,58.48642143,8.91641347,3.2247935509337653
50.60772373,12.2062927,2.455499472,50.9572434,9.163377644,3.289306359117647
98.49394134,15.29208577,3.928057694,88.95512932,9.923794982,3.328767523765094
52.1579956,17.8132801,3.818909222,80.48487126,2.87483851,3.276918456033437
94.55715568,9.27452579,3.444286471,84.98197848,4.198954036,3.408984912476073
76.38505545,,3.066773258,91.90774875,7.022971269,3.7746589177318577
,14.01668094,,90.14054674,5.354222859,3.3885719613758205
53.68982824,,2.261304688,98.04600735,4.7655058,3.53395245524057
77.69271422,15.72113243,,76.79675394,4.220301244,3.6334561551103963
98.46512678,16.36064568,2.249641628,74.42478163,,3.5971181355320185
76.15489221,9.840499667,3.588421325,70.09435999,6.180340858,3.790924117176837
81.46993191,,2.551535137,57.68455214,2.453120507,1.935533786717889
84.78743445,4.163762997,3.754181162,78.63036164,5.245658538,4.0
72.72705324,11.80080376,3.888084188,,5.981245986,3.4059761495542777
81.377904,2.103655889,2.297591939,96.06537561,6.132582449,3.2115282531740257
79.2157156,7.842544938,2.92535121,79.15954021,2.890964736,3.625923623376328
95.05790052,8.596307628,3.961974756,79.64200903,7.68044253,4.0
52.27231902,9.131108449,2.966814872,67.74623304,1.226791853,1.385761634477571
,14.51840972,3.727095045,52.5994676,4.1934867,3.163995410599025
97.5205742,8.994045823,3.177463044,51.58718827,8.021913837,2.025197521363972
,10.07648521,2.750659816,71.16675721,6.075036289,3.1217662237127697
72.78283764,6.275794356,2.571567111,54.2282689,3.350461893,3.554465368551221
81.00662989,8.718532249,2.406446182,80.34234778,7.254578074,1.2695766538000701
63.86905915,,3.523596383,94.04865028,6.106518497,3.6056888171395096
59.40605799,3.317526628,2.773081014,94.14574083,8.166192485,3.8341099478973
73.18492025,12.86207468,3.022550924,82.95227051,7.615226676,3.8094952363448114
67.6676114,14.02783037,2.98465096,60.56159157,6.490971298,1.5740955370625822
79.18280559,13.15082623,3.154558058,93.14984157,5.393599078,2.747272224067708
,10.34289279,3.731154291,94.30467177,2.198639131,3.1371826537311414
98.71974038,8.836144043,3.961478687,59.83267925,3.351997161,1.3541708508451802
99.31053722,17.54000569,2.815168417,86.87130429,4.771895256,3.7449280529460554
84.9080857,11.34347213,3.655037844,64.32597745,6.393693583,1.0979448149639779
76.80481832,10.6252738,3.529055589,90.13201562,5.623370697,3.192252199317009
65.47638081,2.461557185,3.147057903,99.861895,3.593660734,3.427689325399637
90.68975099,8.142460897,3.912094287,51.50130027,1.05817922,3.559204983131294
84.23655863,8.843521138,2.400949031,94.86829329,5.466152997,3.777023108400007
58.13084697,9.178810056,2.218528421,81.13152668,3.570633897,2.4185904789317583
95.54635922,12.44310265,3.707923934,98.66913096,7.611474706,2.2024174376730055
91.12686215,11.60484584,2.878299633,73.25047588,1.215516387,3.5742763570250697
97.48999566,12.94229167,3.693937708,92.36939653,6.263450302,3.588214466174965
86.28597542,15.76789871,3.78618041,53.11970343,9.473268138,3.8706130255918056
80.6707598,16.6337433,2.124915187,66.7639525,2.569683404,3.351291464565973
70.91215181,14.92621537,3.766929526,53.35082689,,3.362665255323212
96.63642417,19.19942653,2.896638111,98.76715667,1.822797926,3.648055990000747
93.30319448,2.328186488,3.020864978,90.84869536,6.63113721,3.825588134517055
52.26093351,5.524003742,,92.62737106,5.954785125,3.5930321241246714
51.31834872,2.13613175,3.852765213,96.89826157,4.666289718,3.1137429176272144
68.82316834,13.65454485,2.038232189,,5.692393193,3.7089966548490936
90.52766654,18.16454988,2.953686937,,,3.2414059345006736
,6.382681338,3.375444085,53.55174445,2.766648721,3.7695038110699106
57.52084456,18.68662181,3.445413915,60.53965508,1.203080605,3.7795775820031876
79.70653577,3.084813025,,61.46828885,8.754983962,3.533090911899046
69.04454283,18.81984848,2.268870259,73.45536055,6.194053741,3.455043492929033
98.49571989,8.32920837,2.598791177,63.42810837,9.015926099,1.6423955267972927
92.10594616,3.825574912,2.717431051,55.04890534,6.372507011,2.0625889729989293
91.91643524,,3.608874415,58.37455445,8.29144981,2.894184163914795
73.43465799,6.621978219,2.557519745,,4.86706027,1.2539247584258477
70.74097512,7.127712235,2.421409928,,7.748739382,3.611811678367503
63.6703536,7.531219369,,87.96462535,9.217373202,3.8559550955771673
52.81877483,16.45446616,2.01772657,98.38807326,6.149106673,3.2114785655743785
93.23611881,11.70490298,3.995641711,,2.627066355,3.349051012429785
90.64505046,7.603538585,3.353642598,,3.419178535,3.778828719584551
99.98588366,12.9860081,3.656938599,89.91465986,,3.603506365113473
99.83184185,14.89071214,2.589238793,66.3126959,3.221713248,3.380438382663472
,6.907232013,2.028630555,64.96916869,,2.7387979410366388
88.44937076,,3.475739037,61.62529961,5.996204081,1.9865901529609071
97.23828649,4.19394968,3.668289194,56.48394891,6.291924665,3.3390438996535075
92.48236953,5.260688292,3.480952264,62.82315305,4.838497725,4.0
,14.26012137,2.285700575,67.76598742,6.538787018,3.870471799856578
72.52720677,5.265890259,,83.69971041,,3.6466395848994164
56.45797076,11.45294091,3.537845564,53.12824211,1.790094134,3.204881962461347
97.70255136,14.76283271,3.317081031,60.52534698,2.546465143,3.4473546113421434
80.30873172,3.923784616,,90.45118201,,3.5473815258630346
61.43214028,12.21161995,3.691842879,57.34609618,2.925952108,3.133499030564284
83.58503422,,3.227208228,67.13225733,3.549559631,2.738034876603024
80.90641202,19.33268375,2.177209428,93.23294609,4.602815526,3.6318748860952015
67.9081359,10.70382164,2.975255619,57.74626556,8.306795116,2.6012766592886063
55.67787961,16.5078659,,54.13684178,1.124759223,3.484825310668737
83.57865978,11.90407776,2.815086062,74.22689975,6.844409382,3.465096334485438
76.01538505,,2.814212978,65.12097556,,3.7145631576828637
88.61591959,,,78.17041822,8.187902023,3.7862514956429436
76.00817506,19.12526016,2.697641068,90.19024452,9.394776452,3.8574334799148784
92.60907502,12.82901276,2.221996198,56.85742441,1.181240641,3.3958241534673816
77.59534194,16.74539947,3.61647042,79.03495423,2.38405335,1.6281780509282204
78.04689858,17.91571634,3.895376052,75.27543802,,3.442024008948143
93.83268013,6.105435895,2.144632951,57.2039393,5.12666706,3.7688568506716056
70.17414331,5.816807118,3.910230415,,6.08131575,3.7390151997504164
56.70076142,12.9976578,3.045153199,63.68202089,6.967244834,3.24975953237782
51.43913382,9.398512457,2.599131356,74.39171593,7.11159944,3.126245455347241
87.75686278,17.11750345,2.153724151,54.11361621,9.38566363,2.380411226507079
81.01547757,18.20041622,3.001248536,72.97920286,9.972544757,3.2314141831091225
85.2039884,8.361584827,3.589031089,65.3231734,7.481417148,3.6477984270699713
60.64820808,6.263670062,3.414172955,91.11906056,,3.4377518042870236
56.81857378,16.04945927,2.100452023,52.84893635,8.917771621,3.866825706681224
50.72723328,6.94650864,2.145803671,70.93036375,1.442988231,1.764849930687956
67.52937794,16.80705773,2.805746565,,3.079727676,3.1089521012845336
79.49588434,9.627288566,2.590580988,86.25030381,9.076471457,3.788194436566555
69.61220225,14.01589819,,78.71437875,3.30572363,3.7937270779637378
71.8737461,3.719635649,,83.36061686,2.985859537,3.3991459370160966
95.20793472,13.22946784,3.606965487,88.85246428,2.243127638,3.776255625595744
67.41277335,10.13181822,3.858456107,93.11014868,8.732005819,3.3978589780174016
75.69947446,12.55895234,2.810205389,65.69377484,5.500524333,3.1963382842855204
89.18265064,5.024255739,3.812222004,76.90113527,,3.5670131846154325
69.82713912,15.26372741,2.642991402,92.00540392,3.151597457,4.0
81.10433501,17.5303474,2.952873973,99.47255655,7.822363789,3.1214374155664664
93.11818544,5.901316402,2.452057996,94.47596555,,4.0
97.47603118,3.722861999,3.280952084,68.57336313,3.813382224,3.7606898365809496
57.35367405,2.425494549,3.95796223,59.75832586,4.696143697,3.7356758300648596
96.32938126,13.55548701,3.206986192,,2.887212497,3.8562176007083417
74.60581465,12.92769265,2.715628168,87.08207259,9.78904921,3.8836285796309093
62.91221941,11.84055343,3.295634892,74.62845354,6.810423194,3.382503790016571
72.95678781,6.17504773,2.245841357,74.15904317,9.410894926,3.838161679373205
99.00162876,9.036307926,3.777318161,91.91152105,3.730469893,3.381493817310058
74.6309047,12.70057403,3.006167902,68.07018895,8.037018217,3.1482352790097528
66.43758051,10.94180346,2.898699484,92.98973374,7.892727795,3.233813594414325
81.67004272,19.78013936,3.171729577,70.34024005,,3.8401080159070182
62.00728094,4.455915546,3.249567726,66.41165528,9.690750777,1.5094255362381714
53.79316641,,2.143551612,72.69949556,,3.4341870067360976
56.4439861,9.277737826,3.365234442,88.12234793,2.176455912,3.115370274318396
56.40229195,9.707593069,2.483863361,56.30010139,7.045379733,1.3520704557403032
57.59513468,14.91675978,,59.82096079,7.563788204,3.3652640668012994
56.94135863,14.46385072,3.645069589,97.57224128,6.175545161,3.146720343256462
82.04373724,19.84260789,3.607917015,58.77458137,2.861361038,3.8075349628238566
,4.31109721,3.105001935,78.3863659,5.540103475,3.367852193617632
67.28336417,3.873973689,3.040339785,78.96572333,,3.720107131403673
94.8394205,15.03809871,2.285751923,74.4812231,4.847198754,2.6250906172237283
73.69808201,12.41096451,3.550692301,82.23726243,6.806967183,2.5488758233276023
83.37788693,6.934891998,2.542818761,61.49133629,7.706932684,3.5161306951484104
58.61599356,3.429548642,2.993390846,,3.090022218,3.7265709007575585
,3.541848493,2.568548186,,4.647928246,3.3142281237219873
52.04343081,18.09543574,2.267656726,83.08336298,3.422454139,2.3282074394491863
58.44675315,5.453611845,3.259115394,57.06117717,2.787684525,2.088911603480218
63.92951695,7.820688118,,78.54387084,,3.301623768907609
58.85052421,6.07981524,3.497290468,59.26351777,,1.5767164576069166
54.43512669,8.389933505,2.635173591,63.93215316,4.332089671,1.0630870596481885
56.03179356,3.249629169,2.000269386,60.93549002,7.761510319,1.9057537767964488
73.0389384,11.34307624,3.022258278,59.14188899,9.072957604,3.4267066353632143
60.31668592,,2.093703817,,8.615117895,1.28723326998271
68.21349305,16.40641714,2.552339116,64.28537838,2.645320497,3.874538872635556
75.17086354,6.206817474,3.413952975,96.35618909,9.606626934,3.2760067765211085
84.51974143,11.72021446,,98.49632627,4.390087964,1.4474586693368066
51.96560699,17.84142358,3.678676985,78.5630235,4.053165951,2.4096318365027862
89.97051995,13.71579264,2.007639845,57.15005613,1.561881946,3.3417774815993537
,11.59324016,,68.72741217,,3.18979041658949
54.0879516,7.838007556,3.481808112,89.88661317,,3.4074285189055913
93.67893121,7.994034435,2.632540299,68.36953643,3.236858388,3.598186928248923
96.04362003,14.05076519,,54.35086092,3.852483596,3.526407932272094
,19.8945085,2.720467838,77.83924555,8.279436911,3.356826417397306
63.84388241,13.91310542,2.540786573,92.25604257,8.879397854,3.4836355351933186
90.31006399,12.04010151,3.685423804,89.79631936,3.722196857,3.7859996262248634
87.41298452,15.15170918,2.626695835,58.75615701,8.728283091,3.865301172957892
59.22605097,10.37370102,3.577864944,83.63823072,8.715078436,1.6715345036865705
60.46746617,3.082562167,3.78374429,61.02521317,,3.2905420964444176
,12.12134269,2.867634839,60.91037673,2.320256026,3.1288025186961406
74.22614926,19.23725512,3.819886288,93.70358867,7.212905622,3.640003513022759
80.91273858,5.155452962,2.754636108,62.48344764,9.505216581,3.113774882088977
68.44568198,14.42008803,3.928156833,63.16236733,7.142864309,4.0
73.12673581,,2.178579049,50.03266954,3.984551642,3.3743168001088804
87.37354691,11.64489832,3.374038533,93.53345171,5.505213857,3.154781067103957
51.83416014,3.740176094,2.987628081,89.62974066,6.81152539,4.0
62.62184722,,2.775297611,81.36644675,5.595133679,3.4670152952178537
85.66747929,15.61093992,3.265423757,87.5132882,2.079576476,3.4951180042456262
94.76034188,8.256287436,3.407714183,57.60242837,,2.2330383258526507
75.58387211,,2.008726539,72.91617973,,3.671470751190653
76.60567426,16.31809929,2.333906177,67.56096937,8.752762415,3.3964082582723183
55.35860057,18.68920075,3.426092101,54.68882631,2.235700294,2.5960696931486096
72.37061834,,3.332770827,,9.571480772,3.400711691464731
76.63086332,9.187686485,3.93209501,96.03698252,3.959403561,1.0326247693769761
62.12352518,4.74348824,3.522075581,52.00295595,6.960823649,3.1702119682697547
63.46216155,,3.901545415,64.57304567,7.766426314,3.7953363547224575
68.86420816,18.68601742,3.405081003,60.37704681,8.307516112,3.4636007065740646
51.00355989,,2.596104417,61.90733268,9.51174732,3.7688523166251353
66.10395828,17.1565993,2.210729845,95.42172759,3.816275932,3.125390504976728
60.57240035,11.37724359,3.563647727,73.40345271,8.726558091,3.8863624809962634
66.37486761,13.22454238,,73.31497065,2.185182131,3.2778864463306188
55.98810659,3.604239778,2.096372025,,7.345368157,1.6014946021077952
94.52636404,15.59486757,2.720100932,57.7246102,7.677799566,1.0734562311654492
79.67962268,4.298842705,3.913599631,74.36326771,7.099509171,3.27197572688467
83.95511596,16.86921734,3.000802291,71.49926071,3.270832625,1.2721845176439703
89.45856193,16.07650558,2.865458272,79.84553453,8.857388323,4.0
,14.75740456,2.91539921,99.97788516,2.51972617,3.531086231424115
54.3460144,2.650886849,2.417765448,,1.482713124,3.6371742630772337
76.85532709,7.456310407,2.737414342,69.89328515,7.457184916,1.4248255325586694
79.3420559,6.736026258,2.739626512,,5.279281437,3.3329332003468766
87.27197371,8.482455334,2.10471004,58.53541817,8.64188218,2.0792849911209226
71.58297731,,3.535135257,,4.45057427,3.328834364707275
,18.86524081,2.833008864,60.22241862,2.514507297,3.3071105837760544
64.18879529,11.96844033,3.644359774,67.02057781,8.527979732,3.4395372291018624
68.15411482,7.499437592,3.700696002,,5.940186685,4.0
82.29586207,9.145667307,2.423988109,80.75645703,2.702762132,3.2028376529456772
,10.04964573,3.314706964,95.53028586,7.483455987,3.744230876150029
67.80483629,12.810698,2.944563608,75.49270048,5.600022746,3.345873875759706
,11.2822297,3.760313476,75.06378223,6.43881684,3.7561168917047247
80.28874097,18.54905552,2.431481358,52.51215049,5.148085044,4.0
61.86133959,10.94534269,3.355626401,51.74557763,8.458380854,1.0451576006789534
,19.85884427,3.215504245,,8.466064441,1.404434954459457
57.64295696,17.32564924,2.590602955,71.90893066,7.384499396,3.458379078869957
62.29788642,5.753189258,2.273201807,91.95901975,1.948612397,3.544689334473494
58.03406866,,,58.03397924,,3.3007318543824433
,4.094595162,3.477194916,51.24858311,7.039116825,3.6834699012734013
64.25475843,16.71409475,2.631254688,72.4519384,7.273217494,3.462701578841076
58.66867976,8.851219283,3.289665208,61.87392784,4.266845564,4.0
94.83827123,17.80353777,2.790261815,52.48071867,8.913516005,1.9693673377349066
54.01168728,17.62502042,3.426413767,86.22991434,7.528344402,1.2744807567209673
,16.5066572,2.39843055,55.57965,2.013314199,3.8699247760730255
70.51984135,16.22054785,3.780430005,80.415975,4.67000231,3.1167858603958805
99.11893085,7.484224504,2.574819193,64.05248751,8.977423258,2.8792340954981173
55.60194511,3.456547095,2.735571976,58.67480252,1.424770315,3.84733092082487
69.89277995,9.253643218,2.116183904,68.98757615,,3.787676766136634
98.47352166,,2.223024425,90.07228881,7.112463115,4.0
,14.5091196,,69.60467885,6.682383799,3.5035606166369506
,8.229795078,2.535185353,87.53848246,3.435033308,3.789534467824937
62.89514135,19.56098362,3.670960451,56.27431484,3.239126099,3.586069720581109
58.54437937,13.53749739,2.029386777,88.63857098,9.478523975,3.823502319462408
83.432161,,2.758188097,61.84666625,,2.272233647664298
96.46879946,4.385444109,,83.86965649,7.97954767,1.2833726817746873
77.83814465,17.51626068,2.038655262,78.28907774,,3.621112779078462
78.58063447,,2.248736798,96.45723586,2.253286637,3.4438420856354295
,10.76711454,2.82728535,69.3661259,1.096437679,3.801801223175646
88.47464666,12.91255288,2.985729169,53.30825944,5.898316033,3.5768188692720693
,,2.808579495,50.95777428,9.782009367,3.1490180190915495
66.18396182,5.147095291,3.061875357,91.34292805,4.322225744,3.727648176477479
71.27182193,11.04618938,3.19026335,76.23678188,4.214731006,3.818340420868475
75.38051893,9.1759345,2.019847642,,4.096824561,3.8581583941869013
62.12048662,,2.928190319,61.72128,5.684894536,3.478750284602498
55.74184124,8.615619601,3.926998482,67.25418728,4.965983951,3.1898650366909473
80.53100212,,3.03806456,51.50519361,8.919231641,3.896947252084841
64.43152766,2.464614325,3.355084535,98.07461623,5.549687126,3.1780829143907514
79.06191107,4.432993205,2.623727716,83.39339534,5.569820544,4.0
57.71813576,19.33607201,3.547982756,96.66025439,2.245344352,3.139396478303759
74.05700509,11.89153165,3.545842964,63.27482037,9.844655868,3.3060213066388973
76.62947163,19.3847989,3.042592095,80.57318056,3.249756018,3.520701368762329
52.59117684,9.78496181,3.952027647,,1.660276607,3.576896296750527
66.83021391,7.612690396,2.25110043,65.87748501,6.968316241,3.4710087947622554
56.72073385,11.11055353,2.03389533,92.40546175,6.358297331,3.1230439287140848
,9.911210395,3.540316424,97.35807315,4.736310886,2.7672333840693906
,3.901964317,3.614311075,94.24275588,4.799730105,1.1594575547747863
66.11769225,13.53487366,2.240414458,,8.065575289,3.740492142810782
90.49372229,5.888687285,2.531165666,63.87323399,2.761413761,3.326945950488552
,13.15258319,2.035104727,64.08080211,8.382279871,3.6120882104691057
84.07513611,13.70361966,2.586617222,98.16801602,6.838724025,3.505360165064669
88.01139299,4.736447356,3.546283748,50.5142248,4.770727964,1.058254396142663
79.78193703,,3.035921055,85.80249866,5.122257549,1.0393545903693462
73.57880943,16.05370855,2.696191186,85.31230813,3.309824865,3.3015784542445696
70.59204571,,2.74347859,81.13447705,7.769028994,3.674062772034362
67.44341333,3.046948319,2.002707251,99.5054423,5.615872681,3.49044560136046
96.47645721,19.90759371,2.599601055,65.59397179,3.887690885,1.9538141406339191
91.53097039,3.040050098,3.292917483,66.99859319,6.364451042,3.674096984479611
98.25134553,14.51063412,3.948388888,53.94697015,9.961610068,3.501104303142746
56.21486117,19.70622065,3.694121654,72.13990683,4.917360517,3.240352442231024
86.54337376,6.305241876,,63.05242631,9.286222607,3.6592623509938518
96.91702284,,3.797121209,67.16933511,4.105151559,3.2824714146652303
59.06165331,4.18492891,3.566396827,91.72858951,1.492594362,1.0202621051456633
53.32481337,,3.560752247,96.77422568,2.838178957,3.402893631256655
87.05603246,3.818824598,2.915991518,59.2866536,4.76825629,3.6402994344903816
78.72365566,14.45890415,2.796010586,68.62544658,2.976714357,3.8630475691509902
92.09143884,,2.605831458,96.43152811,1.002043344,2.0678784261305814
56.98861883,11.16959831,2.131389718,53.09042303,9.23501384,3.6878345154458376
,19.94054337,2.456470727,54.61802641,8.594914701,2.208733464434019
60.081366,16.65146485,2.49320727,58.13954946,7.680630083,3.264830554098028
58.18279714,13.07394989,2.968154139,79.76064171,2.510331361,3.442880221946443
58.2132899,7.512565174,3.494888813,57.52361355,,3.1540513441657727
90.72873601,13.23012505,2.947619657,98.40381907,1.608442745,3.4199525010607443
83.25986103,11.48674635,2.115688899,72.33572636,7.516262699,3.862516147757109
76.15327124,9.66950091,3.915579602,75.07589802,9.359271646,3.461918939541547
67.94152421,4.352786781,3.885448638,62.33293079,4.874822388,3.4498878196636835
93.86002704,17.95887587,3.570379086,,2.072266048,3.215176550999452
69.62225537,10.09612368,3.982655803,,5.611535387,4.0
90.82997197,5.503205213,3.088964666,87.55885685,4.139487167,4.0
71.95674543,,3.925536701,87.69340414,4.373424319,3.552458549508501
68.84722147,9.454335546,2.151210081,78.89455563,6.591975617,3.5170987893905665
73.13398928,16.89568212,,95.21798875,7.468463019,2.0477315200616824
65.06889371,15.20505885,,90.87039237,,3.207108961487404
87.38046901,15.84748809,2.391666168,87.85240573,1.320312077,3.5846450542873836
75.1360195,2.19856276,2.281605898,52.78027608,9.948972724,3.2121762815461343
61.61063476,9.490771967,,50.34389811,3.09455514,1.2154473586494707
94.97872866,10.66419473,,60.62236386,1.484474724,3.185360698202902
69.19456107,2.345460983,,83.1761797,2.708877962,3.4897031300257337
77.17764306,6.676637757,2.293925419,70.55987444,1.350620617,3.807646570368614
95.32360555,,3.62224754,,4.526298052,3.899944785176935
,4.467974703,3.271909414,94.22934441,8.22161606,3.3219733291272866
55.84490204,11.63558237,,94.77814241,4.071200048,2.5082061560835056
96.99160618,5.873633696,,,4.997650662,3.2444548643236613
81.38540265,2.218173944,,65.69390383,7.080280962,3.467124791880257
66.74528073,6.341626237,2.690384417,84.55279064,5.580046631,3.7818591520680176
56.96360363,19.56572759,3.834971686,63.58165906,8.753011174,3.6532137207846627
89.70125946,16.42766801,2.581009011,59.53049165,8.794321075,3.478984148994721
81.0036378,19.2723796,2.939976536,59.23162287,1.089196259,4.0
76.6730546,10.78137279,3.780282275,67.10538104,8.002416758,2.6185225003562085
94.69462915,3.975251576,3.415442701,71.49788099,5.146602402,3.459491840998213
89.42986056,11.8632708,2.124406452,91.54745855,9.899564872,2.1098737964858305
,10.17879202,2.294606089,55.99455467,5.349088683,3.205155624934899
65.58610339,17.19842749,,86.74629237,,3.8320356658886845
62.42445699,3.765486454,3.26184358,76.57274571,,1.5228953448444917
,10.78834047,2.895346851,64.39726713,3.237443962,1.4442588627439976
51.67662174,4.700875964,2.268549702,74.64097923,5.845554814,3.494597087745906
78.49448424,7.844166684,3.915868242,64.99710349,9.929220755,1.0627263613260207
88.12293429,15.27242739,3.059319448,79.80409776,,1.2273495091496114
93.83828184,10.56832633,2.483786588,71.69219614,1.876302044,1.474999335119774
67.10408744,8.765989133,3.001207142,,7.357347971,3.8653319341442374
91.06286523,9.100573014,,55.82915373,4.110216273,3.230105050376157
55.53158685,,2.152478436,77.3347841,1.062840357,3.8338575103655397
92.32261459,16.13029779,2.54940763,95.12065166,,3.1775969330124836
56.37443312,18.0575244,3.613930982,67.19788433,3.112789796,1.847863504589379
69.86436453,19.19602436,2.919329741,86.65000536,8.369823435,3.3154557573214922
89.86476829,,3.093154284,82.93306775,4.03597548,3.654466462968462
57.49587137,7.677324123,2.865632004,96.57774572,8.447713246,3.7304715755587696
61.46256976,14.38642471,2.087799885,91.04905086,1.00538145,3.5813473134116602
86.11262842,9.876856233,2.33149956,78.33026295,3.77037235,3.2123416948966916
86.00182683,6.584071197,2.891083277,82.85152491,3.170486929,4.0
82.05738164,17.13568843,2.418370931,94.91932333,3.10210625,1.0034719375994878
84.69742222,2.691674281,2.099958057,69.97593923,1.613679578,3.404511961458512
,,3.687299328,66.33973529,2.684118434,2.1036878242046297
62.58995295,10.30659436,3.962385058,50.54055418,,3.104093615237203
67.28479968,13.46962658,3.586285748,91.32755371,3.622249656,1.0176711483690692
59.07988584,13.8683706,3.707569843,90.04903502,4.756553041,3.584523688884212
95.42252807,18.11211933,2.483954261,55.22272591,4.391801923,3.412651017055808
,13.46005428,3.921253951,78.84286906,8.883144325,3.7343133224215954
70.04257084,13.05080453,2.393851409,73.19908491,9.147690991,2.663744556325341
73.10029018,3.19973673,3.902859621,55.93545478,5.436612745,4.0
97.36416698,11.3313444,3.989638588,99.02841135,3.971403553,3.1791049464027283
57.66757016,4.703042015,3.423445611,60.73479437,1.961206336,3.311350196271781
79.3114916,15.27380784,3.962287464,53.361709,9.580625914,3.7394296514492593
75.29443394,11.21999457,3.139079559,79.74236898,1.542042504,3.35438399826985
80.57271177,,2.519083566,86.94333386,3.678852498,3.3068118087099245
50.90550919,2.750112211,2.873991771,51.6221723,3.682595811,3.534317200218451
93.60619545,,3.187121871,,3.883611575,3.73000259741771
96.60591412,14.89382099,2.146163124,76.6145938,2.478581589,3.5743066221043573
78.25665918,3.297518048,3.244686529,55.16325044,8.048452878,3.182856117220229
84.83254119,3.2826211,3.962355674,58.62619385,2.102480758,1.5676618507771893
96.12496906,2.217952554,2.3802153,78.39871487,6.714159932,3.361916415292484
85.36193172,19.21702517,3.585190233,64.81788068,2.11461424,3.3036722743233207
57.62695215,15.27515047,3.815797588,96.91578643,,1.4125993592668198
78.81441801,8.358525353,3.887403186,90.93701147,9.184865533,3.6134337517757
80.33575232,7.337640463,3.920271209,,2.711158897,3.5627056179008574
71.20653357,8.294658135,3.042919277,62.98354195,8.391251391,1.1435800569387276
86.82221178,15.94376356,3.954615816,98.48618164,5.90167784,3.8759360950816313
96.71835074,,3.514620414,71.56169349,1.700708676,1.418884982938825
96.27842565,5.333520222,,,9.599033723,2.8101907110704563
72.54196857,,2.953800213,52.51747635,3.222650503,3.5581096636849896
55.66190229,3.771121695,3.436662351,52.63826289,8.736808108,1.219110626968073
99.24205995,,2.494680632,84.6005628,2.519290052,3.1353104327479846
91.94490432,15.75870792,3.281230367,72.89644972,8.685485939,3.6049707149135948
56.23313406,6.77083571,3.333200958,,1.119059316,3.6833640214546595
96.04209413,2.377009299,2.325399488,80.69851532,,3.513354256077507
93.4948181,,3.130170625,62.64290591,7.924983215,3.71597937594235
75.94190286,19.42148063,3.543253822,78.88158772,9.413159657,3.3968968764839444
79.56377179,7.318005995,2.997791329,67.96043735,9.182819226,3.28079942807532
69.95013519,15.84601666,2.024206234,91.17761133,8.376623826,3.2941061742506874
,13.24394424,2.018076938,91.03480804,8.993722147,3.3432874412923996
66.75986208,8.874913514,2.714058688,73.86751991,2.792977173,3.386758330673649
90.14267243,5.70237072,3.852388137,67.54095547,,3.3577623799536367
50.23160115,4.184955527,2.457353559,68.12798983,3.600716724,1.8715970643085946
66.67495858,13.07023342,3.268727378,90.28572628,4.393485379,3.2872424003779814
69.90843468,15.94340805,2.444151741,66.40897414,4.539886033,3.2310385532375956
76.86978015,13.59027656,2.643339979,60.45296869,5.900997922,3.1495655537313993
95.99278082,11.5454384,3.696084179,54.23441709,2.43891787,1.1875629330679756
67.31729972,2.755122022,3.457722885,73.33465604,,2.151968627251642
67.34766009,19.432798,2.190798555,,2.508098854,3.7115154818788936
86.87506241,16.37685545,2.857404042,92.04543552,3.792776339,3.759876840114887
72.61089704,7.270796661,2.058339527,61.06193482,5.530106175,3.2215423460729746
61.23024115,19.63946593,2.961780293,69.04956368,8.167965054,1.4571719406672279
72.62197581,12.83386861,3.324868023,90.42028694,7.655223099,3.4378472093618675
57.04285102,12.48360785,2.237005247,91.18118054,6.809809208,3.4948109226067423
58.81934933,15.46531723,2.577769878,69.2305538,2.401959345,3.570513990268666
74.91838864,,2.795673251,72.95620116,5.923408111,1.8849708313829519
70.94627248,13.81661493,3.839062049,65.16429454,1.787018516,3.28543726698453
95.74229505,4.305723435,3.986510031,,4.396268591,3.30840019538197
,8.088815108,2.089822598,55.93218829,4.721648773,3.1400574310527394
79.02941751,18.70550553,3.522015847,96.68747115,1.358302955,1.5965978477865024
81.6132144,,,84.19332259,3.465892895,3.816796365308653
50.65472283,8.699006429,2.784916372,76.57860763,,1.8139110393056415
83.1768686,9.777383893,3.508529947,51.63295304,9.58269347,1.2660364463669709
58.90179834,9.909289815,,73.77980959,4.170943488,3.440946440178513
98.05351587,13.03291248,3.901857189,,1.387900981,3.761716064753758
,18.97536508,3.154245172,58.0609406,2.611854454,1.4156095113407736
70.73120619,6.332468813,2.714242319,82.82048018,4.529960141,3.217345618868738
54.2674834,4.187024773,3.575098172,98.55754537,9.530017282,1.6408817695000149
99.84371259,5.554468817,2.502002767,78.10944055,2.270791572,1.318892800159575
75.10975052,17.9646482,3.128148058,,7.871642593,3.578120137316282
79.76925087,13.62459463,,53.42252263,1.978142854,3.455544039521778
53.35382387,,3.313262147,,9.831318197,3.1419086068001065
87.49802352,16.6870449,2.480797826,55.81792426,4.434548492,3.4342869480462657
60.49527965,17.50465993,2.383185891,80.63979178,7.97711085,3.118177647674891
94.90271447,,3.836478173,,4.083319745,4.0
60.25698202,18.54067761,2.203607366,83.08888662,6.649019894,3.4811819299437254
59.53438603,6.540338363,3.011915815,53.84015242,2.728144763,2.385872289656154
51.82748339,15.59075472,2.441705566,67.73331025,2.314189174,2.24367740362411
73.60334726,,2.077859927,77.53316897,9.442577256,1.2646063224380668
78.24205666,17.15597395,2.072037637,70.16038781,,3.4676142637430623
53.28543197,15.11283219,,91.68220052,8.987220462,3.83249682219143
88.77638083,15.97605404,3.733540709,90.73355024,6.628901051,1.1542880549137604
72.66444174,13.81091308,2.564957488,,8.274413901,3.2926359366899813
76.21951347,5.19371785,3.900918341,68.67289726,1.621332432,3.297212671261123
72.03813735,11.81048454,3.163244586,62.76681869,4.013101377,3.5407004529945674
70.03815304,19.72405531,2.87322838,55.29371591,,3.320702359675821
77.98201657,18.8729852,3.160177669,67.74488417,,1.0908134785467578
,2.777127244,3.03339677,70.65862586,4.203619961,3.376983285980895
59.09640652,4.966666683,3.517552508,83.79114626,2.336561035,3.804194108970855
93.08928105,4.371117922,2.564992132,82.90799121,6.368203679,3.109277005386326
,15.06763838,2.706100783,53.50540698,,3.260512775682287
68.66546581,16.72013594,3.788188605,69.76296577,4.43911145,3.8117688962056473
63.53723366,,3.892913026,59.08894336,2.190418436,3.6249963209694327
,11.10534847,3.785116455,57.84063527,2.770193776,2.52574437517268
70.43670855,17.1326545,,91.36510749,3.137349747,3.4982542781749655
51.26931778,15.19042781,3.560731006,52.09576084,3.699078337,3.855576233501824
57.80762987,11.7602697,2.952671467,70.9591438,6.785155635,3.1378988755893396
85.79861144,12.62625843,2.995079704,58.41018279,6.408509361,3.8649348539918233
82.9461971,11.15048984,,93.96651078,7.264718754,3.8319809512644087
51.35479963,7.355872124,3.182260607,77.85202566,,3.16894718613901
61.0986081,12.17039587,2.372271796,61.56903182,8.415978867,3.416657565445958
61.55373983,14.39993544,2.663129398,75.12136436,2.83678895,3.4948503234775656
83.59463718,17.71981249,3.710060403,86.57431799,5.221366728,3.8942052860145364
50.98552689,13.45324437,2.414151618,97.90590045,8.208448494,3.2500503116500425
55.2054291,,2.14231657,61.02230021,2.62142783,3.329544763954347
89.99580427,4.881289429,2.138015185,94.30908861,1.988768024,3.2958022073778594
58.9272331,,3.881569041,96.71520571,8.953155709,1.8018164104570973
82.63730539,,3.013840876,,4.086366965,3.6870207612761075
,6.440219561,2.818824144,81.77071784,7.154831124,3.145403447822739
54.97206964,15.07631087,3.621757162,81.49103272,1.228137438,3.3084780036791437
62.15860955,19.85257912,3.671651856,70.16053166,7.210421996,1.9727640307509309
86.11334659,3.785205793,2.664382066,87.61989412,3.844911804,3.2485412816911214
92.78482341,9.226897686,3.387236115,76.56470092,1.501667682,3.482110409803609
91.51099323,16.40127744,3.542245632,83.87190356,6.488314854,3.499643677827434
69.85917648,,3.309301374,71.42289519,3.167234345,3.4534152098500774
83.40425683,11.99152909,2.30319015,86.5748232,,3.5945104863586814
60.24921477,15.19528333,3.751766167,91.22357588,1.725227311,3.301087236274204
64.65738651,13.0877381,3.078189105,57.32181283,2.32446926,3.720325347405102
94.81679093,5.384445223,,91.64648578,3.681795119,1.8533247905200172
50.65009618,8.396922236,2.850456371,77.01482659,1.807835505,3.3761624454070187
54.27542654,16.10825212,2.075142181,92.23329545,9.197436382,3.5249648514523737
60.39431276,11.97607725,2.255733602,71.56508532,1.054423389,3.23780121743293
,2.094133044,3.531093501,68.95202427,5.35474197,2.733053853558694
59.07177175,,2.00002327,95.75303663,2.109227123,2.702505403974638
79.15207805,2.635604389,2.833131657,62.55846338,3.769111805,3.1445565253151146
71.07122753,15.42320809,,92.21061626,,3.660334547476393
94.63358555,5.644650083,,74.20102863,2.455250979,3.7622922831780885
90.87217809,19.24532264,3.946156326,75.70477213,9.692490877,3.776139686205433
67.09086758,8.622933523,2.452250662,65.42341407,2.852149393,3.294532230455082
62.97117167,7.884769094,2.608397439,78.65211003,7.674094976,2.126334620719743
,4.679984906,,66.26055981,,3.4027612888193026
79.51474713,7.500875879,2.460833324,51.96347071,8.960308548,3.6074396979135352
,,2.002947644,63.59993027,5.9859393,3.695718479481363
81.20744539,19.93401808,3.458689588,50.31895217,5.811032972,3.7512885721616036
,8.629571549,3.933691,,,3.4645779972144917
77.60235904,10.07499136,2.448586967,98.28736049,2.496064258,2.093793705721719
71.80632646,,3.326094384,69.75776487,9.24840236,2.6356928034089666
,17.95152405,,86.41854272,3.95054379,3.282143514531268
97.42266535,12.67479802,3.696850758,67.29030492,4.348740295,3.5356898488604815
88.18028971,9.047462567,,83.55465785,7.838412926,3.396017420525016
57.00565879,9.427193135,,90.27150215,4.049411342,2.638291398077911
93.42339879,14.52112664,2.650590268,,9.56856202,3.668149896070353
74.37155991,2.057928745,3.425242666,,7.641349921,3.256154336282541
94.72761134,,3.633558933,89.16489915,6.376863183,3.795982553772711
89.9927628,8.398874188,,63.29642253,8.928056445,4.0
,16.29555196,2.741882016,99.51661519,1.446453175,3.2439331233449207
51.12346542,3.673831517,3.803880393,51.28847994,3.31356423,3.2183551101991763
63.43386797,12.58764081,3.613387039,80.17644033,5.185327008,3.5774352445428774
77.08171073,10.65751202,,82.97529908,3.042806855,3.3715689143905605
81.67391099,13.56185947,3.508496519,84.40227785,7.695146686,3.7182918197147026
62.89438427,3.167364701,2.786390402,56.01937894,9.272872279,1.958988921767605
,12.43970817,3.181275668,96.92648917,4.813931079,3.8026194686595836
91.74651184,12.10672258,3.322028508,59.05916395,4.079193401,1.1568634052506803
99.22010904,12.0918817,2.156911633,81.13767016,9.653956589,3.6992825385524397
76.28450912,12.862778,3.088993918,61.13380396,5.003671895,3.5414156273548243
58.58396429,14.17642287,3.418641657,65.36082085,5.401435604,2.8068686157447864
63.61536633,16.48980199,2.334642608,77.32292709,4.164848851,1.2230761836000523
50.91953383,6.856772962,3.561263435,70.85967093,9.185936257,3.57682746959651
95.71494033,16.85088938,3.167545561,58.01128005,6.12059935,2.1566508663364026
55.88755414,,3.904443571,58.54682012,7.859571285,3.1799809424757655
78.82582378,3.387049024,2.084844596,70.90723941,8.306260465,3.4709917183572783
63.70276103,3.053916726,2.530652275,87.86414891,4.076641377,3.40566228318656
77.70890013,8.016289737,3.203107759,,4.903248982,4.0
82.57101942,16.12814559,2.593119824,54.20638311,8.63624597,3.350258965983477
91.48709019,14.73825683,3.428848328,,4.269298165,3.236641639983053
,16.19506936,3.518010565,55.01227819,8.145416201,3.1073741730815874
50.54979143,11.31084302,2.205031928,50.82962403,,3.1699441133304047
56.8442815,9.923581963,3.027708928,,,1.9933987814758733
95.00093209,4.654145481,3.017781111,80.1224721,7.674645587,3.361251617617312
93.69450388,7.907469565,2.73856154,58.15095569,8.245875808,3.2655300114695107
79.87065511,,3.865849725,61.69064165,8.60535684,3.432180248515713
,3.594807734,3.65501264,51.18538768,4.555480041,4.0
83.25183373,5.971015149,3.394418764,91.74736028,1.461371133,3.344667716708181
58.76856393,12.76805529,,98.7345298,4.616886441,3.6442648517556915
95.7205973,15.24193606,2.923432288,56.77297684,7.063806068,3.5830973057435083
70.93852624,19.97025521,3.841989042,,,2.4156161744007827
69.15692641,18.79603996,3.389190855,93.4204762,7.740668358,3.790635015265198
75.94588526,13.56617359,3.457962123,96.3231899,4.212841865,3.148050472318557
52.34829834,9.582464959,3.723381808,70.98136914,6.71269727,2.6723891418721504
58.31416844,13.45119256,2.548143179,52.53112361,2.677778244,2.316430003071595
86.90168082,16.14172913,3.614141808,51.96959168,7.74432493,3.4607994267650906
54.1399334,4.130051437,2.390481206,78.6974933,5.911263719,3.775329695145339
80.15760547,9.378288015,2.690683904,,2.836579497,3.7852998640488718
62.26745548,17.11644114,2.671220909,51.43262138,,2.2098290568417385
69.4647807,8.908993135,3.957050937,,7.737478377,3.106381276226556
64.43468684,12.29370088,3.713074447,50.56512683,5.343411121,1.8626424902116354
67.78363582,12.5798485,3.402339723,89.36859791,2.944282964,3.743204411541088
,5.320572556,3.454113523,65.32164114,9.705440713,3.142303785138474
64.85608578,8.52023795,,52.01290015,7.436125178,1.1954881920917853
78.32023201,8.021203197,3.894181334,79.41761105,9.614213493,3.8059040550037557
73.80252011,2.471540754,2.992517506,69.88422072,,3.544969115223796
83.18355827,2.43545175,2.76103542,,5.275903066,3.27753279800142
96.84148697,16.97054679,2.326070674,77.20993313,9.081596946,3.1640745059592694
86.62860486,6.91527458,3.572411305,63.76195905,5.725444062,3.3300817841243497
60.74701893,11.32541779,3.468887864,85.47194323,7.365510207,3.777572334259618
51.55915675,7.377060325,2.768710077,63.57460013,3.269555897,2.872054115517281
63.11320221,18.93222641,2.050386828,95.21216457,5.020538218,4.0
79.75389654,6.66734166,3.677994655,68.73609853,2.111048792,4.0
52.57129067,9.733822629,2.022835967,77.49342814,2.853820323,3.32369070771441
,17.70914451,3.407399559,,,3.8239517657157207
79.84214245,17.1548042,3.940514219,,1.353385465,3.536841085718792
66.71219454,5.349825521,2.875322656,,9.795554409,3.602840176054392
88.54561019,16.44757958,2.46994681,90.28244027,3.181183256,1.4682560354734597
55.32991266,10.24736396,3.40974202,61.21592794,6.969796386,2.7888867806877506
53.75688909,10.6934397,3.634256284,,8.551897289,1.8138847575821535
86.40943781,4.402639503,3.092860632,90.86526561,5.955944133,3.892419740770708
74.77456581,3.450827248,3.934070551,96.51992101,2.378300501,2.55743899204219
84.42011982,15.10290753,2.103337443,54.76804606,7.553047936,3.1701795180706616
71.74136693,10.93630074,3.009591197,72.50293197,6.402262691,3.349632211272234
62.32010166,9.863312647,3.436907895,66.87271395,7.581255304,3.601150421825542
90.95511588,15.13114812,3.725280942,93.53442277,7.927719606,3.7336855950453343
,15.77923218,2.358511224,54.17624573,,4.0
84.73482354,4.860347018,,60.55629713,6.16206952,3.4668674710328053
63.60725686,12.98405269,3.105414151,87.62341688,4.074770014,3.1431358564453578
79.51153334,4.436373481,2.793107364,,6.836181012,3.649687868023184
68.04869485,15.52475155,2.263430057,74.62676904,1.615966383,3.1910262289878215
54.57910367,13.82519281,3.730591518,72.10535173,9.076575865,3.553895627777799
95.86567877,19.21906318,2.314546416,66.72005895,2.074429102,3.776253076021045
56.84093155,3.241244294,,69.72861577,3.950585541,3.6879937346806777
97.51186769,3.026984981,2.580091064,76.49702935,8.341708426,4.0
72.30028865,7.079367344,3.742828068,58.06836792,6.375811405,3.248143398213794
